Store,Month,Sales_K,Profit_K,Orders
Store A,Jan,16.1,3.2,414
Store B,Jan,13.2,2.6,339
Store C,Jan,14.2,2.8,362
Store D,Jan,11.1,2.2,283
Store E,Jan,10.4,2.1,266
Store A,Feb,17.5,3.5,446
Store B,Feb,14.2,2.8,364
Store C,Feb,15.2,3.0,390
Store D,Feb,11.9,2.4,306
Store E,Feb,11.2,2.2,286
Store A,Mar,18.5,3.7,472
Store B,Mar,15.0,3.0,385
Store C,Mar,16.1,3.2,413
Store D,Mar,12.6,2.5,322
Store E,Mar,11.8,2.3,303
Store A,Apr,19.7,3.9,504
Store B,Apr,16.1,3.2,411
Store C,Apr,17.2,3.4,441
Store D,Apr,13.4,2.7,344
Store E,Apr,12.6,2.5,323
Store A,May,21.8,4.4,561
Store B,May,17.9,3.6,458
Store C,May,19.2,3.8,491
Store D,May,15.0,2.9,383
Store E,May,14.1,2.8,360
Store A,Jun,26.4,5.3,676
Store B,Jun,21.6,4.3,552
Store C,Jun,23.1,4.7,591
Store D,Jun,18.0,3.6,461
Store E,Jun,16.9,3.4,433
